{
  "voltage": 227.95,
  "current": 30.42,
  "power_kw": 6.936,
  "temperature_c": 45.81,
  "duration_sec": 30.0,
  "energy_kwh": 0.0584,
  "hour": 12.0,
  "day_of_week": 3.0,
  "is_weekend": 0.0,
  "calc_power_kw": 6.9354973,
  "power_residual": -5.500000000058236e-05,
  "power_ratio_safe": 0.9999341037498177,
  "duration_hours": 0.008333333333333333,
  "energy_rate_kw": 6.945086167065492,
  "energy_power_gap": -0.0007520461654930699,
  "event_idx_in_session": 25.0,
  "elapsed_sec_from_session_start": 108.0,
  "delta_voltage": 0.0,
  "delta_current": 0.0,
  "delta_power_kw": -0.0009999999999994458,
  "delta_temperature_c": 0.0,
  "delta_energy_kwh": -9.99999999999994e-05,
  "abs_delta_voltage": 2.950000000000017,
  "abs_delta_current": 1.9299999999999997,
  "abs_delta_power_kw": 0.4530000000000003,
  "abs_delta_temperature_c": 1.9600000000000009,
  "abs_delta_energy_kwh": 0.0344,
  "voltage__station_z": -0.001479611892842343,
  "current__station_z": 0.05461893514093358,
  "power_kw__station_z": 0.06430241625859812,
  "temperature_c__station_z": -0.003145240160841484,
  "power_residual__station_z": 0.030504524027779215,
  "power_ratio_safe__station_z": 0.047822092334961624,
  "energy_power_gap__station_z": -0.0990073218767289
}